company_id,TSE
000116,金融業
000930,金融業
000960,金融業
0009A0,金融業
1101,水泥工業
1102,水泥工業
1103,水泥工業
1104,水泥工業
1107,水泥工業
1108,水泥工業
1109,水泥工業
1110,水泥工業
1113,
1201,食品工業
1203,食品工業
1204,
123355,
1207,
121280,
123276,
1210,食品工業
1212,
1213,食品工業
1215,食品工業
1216,食品工業
1217,食品工業
1218,食品工業
1219,食品工業
1220,食品工業
1221,
123646,
1224,
1225,食品工業
1227,食品工業
1228,
1229,食品工業
121055,
1231,食品工業
1232,食品工業
1233,食品工業
1234,食品工業
1235,食品工業
1236,食品工業
1238,
1239,
1240,農業科技
1256,食品工業
1258,食品工業
1259,觀光事業
1260,食品工業
1262,其他
1264,食品工業
1268,觀光事業
1269,觀光事業
1271,生技醫療
1293,食品工業
1294,食品工業
1301,塑膠工業
1302,
1303,塑膠工業
1304,塑膠工業
1305,塑膠工業
1306,
1307,塑膠工業
1308,塑膠工業
1309,塑膠工業
1310,塑膠工業
1311,塑膠工業
1312,塑膠工業
1313,塑膠工業
1314,塑膠工業
1315,塑膠工業
1316,建材營造
1319,汽車工業
1321,塑膠工業
1323,塑膠工業
1324,塑膠工業
1325,塑膠工業
1326,塑膠工業
1333,電子零組件
1336,電子零組件
1337,塑膠工業
1338,汽車工業
1339,汽車工業
1340,塑膠工業
1341,塑膠工業
1342,其他
1343,塑膠工業
1402,紡織纖維
140657,
1407,
1408,紡織纖維
1409,紡織纖維
1410,紡織纖維
1413,紡織纖維
1414,紡織纖維
1416,其他
1417,紡織纖維
1418,紡織纖維
1419,紡織纖維
1423,紡織纖維
141281,
142122,
1427,
140892,
143640,
1432,貿易百貨
1434,紡織纖維
1435,其他
1436,建材營造
1437,其他
1438,建材營造
1439,紡織纖維
1440,紡織纖維
1441,紡織纖維
1442,建材營造
1443,其他
1444,紡織纖維
1445,紡織纖維
1446,紡織纖維
1447,紡織纖維
1449,紡織纖維
1450,
1451,紡織纖維
1452,紡織纖維
1453,建材營造
1454,紡織纖維
1455,紡織纖維
1456,建材營造
1457,紡織纖維
1458,
1459,紡織纖維
1460,紡織纖維
1462,紡織纖維
1463,紡織纖維
1464,紡織纖維
1465,紡織纖維
1466,紡織纖維
1467,紡織纖維
1468,紡織纖維
1469,紡織纖維
1470,紡織纖維
1471,電子零組件
1472,紡織纖維
1473,紡織纖維
1474,紡織纖維
1475,紡織纖維
1476,紡織纖維
1477,紡織纖維
1491,
1492,
1498,食品工業
151423,
1503,電機機械
1504,電機機械
153354,
1506,電機機械
1507,電機機械
1510,
1512,汽車工業
1513,電機機械
1514,電機機械
1515,電機機械
1516,其他
1517,電機機械
1519,電機機械
1520,其他
1521,汽車工業
1522,汽車工業
1523,電機機械
1524,汽車工業
1525,汽車工業
1526,電機機械
1527,電機機械
1528,電機機械
1529,電機機械
1530,電機機械
1531,電機機械
1532,電機機械
1533,汽車工業
1534,
1535,電機機械
1536,汽車工業
1537,電機機械
1538,電機機械
1539,電機機械
1540,電機機械
1541,電機機械
1553,
1557,電機機械
1558,電機機械
1560,電機機械
1563,電機機械
1565,生技醫療
1566,電機機械
1568,汽車工業
1569,電腦及週邊
1570,電機機械
1571,
1572,
1573,電機機械
1575,
1577,電機機械
1580,電機機械
1582,電子零組件
1583,電機機械
1584,其他
1585,電子零組件
1586,電機機械
1587,汽車工業
1589,電機機械
1590,電機機械
1591,電機機械
1592,汽車工業
1593,生技醫療
1594,電機機械
1595,電子零組件
1597,電機機械
1598,生技醫療
1599,電機機械
1601,電器電纜
1602,電器電纜
1603,電器電纜
1604,電器電纜
1605,電器電纜
1606,電器電纜
161380,
1608,電器電纜
1609,電器電纜
1611,電器電纜
1612,電器電纜
1613,電器電纜
1614,電器電纜
1615,電器電纜
1616,電器電纜
1617,電器電纜
1618,電器電纜
1626,電器電纜
1701,生技醫療
1702,食品工業
1704,化學工業
1707,生技醫療
1708,化學工業
1709,化學工業
1710,化學工業
1711,化學工業
1712,化學工業
1713,化學工業
1714,化學工業
1715,塑膠工業
1716,生技醫療
1717,化學工業
1718,化學工業
1720,生技醫療
1721,化學工業
1722,化學工業
1723,化學工業
1724,化學工業
1725,化學工業
1726,化學工業
1727,化學工業
1729,生技醫療
1730,化學工業
1731,生技醫療
1732,化學工業
1733,生技醫療
1734,生技醫療
1735,化學工業
1736,生技醫療
1737,食品工業
1742,化學工業
1748,
1752,生技醫療
1757,化學工業
1760,生技醫療
1762,生技醫療
1773,化學工業
1776,化學工業
1777,生技醫療
1780,生技醫療
1781,生技醫療
1783,生技醫療
1784,生技醫療
1785,其他電子業
1786,生技醫療
1787,化學工業
1788,生技醫療
1789,生技醫療
1791,生技醫療
1794,化學工業
1795,生技醫療
1796,食品工業
1799,生技醫療
181381,
1802,玻璃陶瓷
1805,建材營造
1806,玻璃陶瓷
1807,
1808,建材營造
1809,玻璃陶瓷
1810,玻璃陶瓷
1813,生技醫療
1814,電機機械
1815,電子零組件
1816,光電業
1817,玻璃陶瓷
1818,玻璃陶瓷
1819,建材營造
1902,造紙工業
1903,造紙工業
1904,造紙工業
1905,造紙工業
1906,造紙工業
1907,造紙工業
1909,造紙工業
1918,
2002,鋼鐵工業
2005,
2006,鋼鐵工業
2007,鋼鐵工業
2008,鋼鐵工業
2009,鋼鐵工業
2010,鋼鐵工業
2012,鋼鐵工業
2013,鋼鐵工業
2014,鋼鐵工業
2015,鋼鐵工業
200287,
2017,鋼鐵工業
200679,
2020,鋼鐵工業
2022,鋼鐵工業
2023,鋼鐵工業
2024,鋼鐵工業
2025,鋼鐵工業
2027,鋼鐵工業
2028,鋼鐵工業
2029,鋼鐵工業
2030,鋼鐵工業
2031,鋼鐵工業
2032,鋼鐵工業
2033,鋼鐵工業
2034,鋼鐵工業
2035,鋼鐵工業
2038,鋼鐵工業
2045,
2049,電機機械
2052,
2056,鋼鐵工業
2058,
2059,電子零組件
2060,鋼鐵工業
2061,電器電纜
2062,其他
2063,鋼鐵工業
2064,鋼鐵工業
2065,鋼鐵工業
2066,電機機械
2067,電機機械
2069,鋼鐵工業
2070,電機機械
2071,鋼鐵工業
2072,鋼鐵工業
2073,鋼鐵工業
2101,橡膠工業
2102,橡膠工業
2103,橡膠工業
2104,橡膠工業
2105,橡膠工業
2106,橡膠工業
2107,橡膠工業
2108,橡膠工業
2109,橡膠工業
2113,橡膠工業
2114,橡膠工業
2115,汽車工業
2201,汽車工業
2202,
2204,汽車工業
2206,汽車工業
2207,汽車工業
2208,航運業
2211,鋼鐵工業
2221,其他
2227,汽車工業
2228,汽車工業
2229,電機機械
2230,電機機械
2231,汽車工業
2233,汽車工業
2235,電機機械
2236,汽車工業
2237,電機機械
2239,汽車工業
2241,汽車工業
2243,汽車工業
2245,電機機械
2246,電機機械
2247,汽車工業
2248,電機機械
2249,電機機械
2250,汽車工業
2252,其他電子業
2254,電機機械
2255,其他電子業
2256,其他電子業
2301,電腦及週邊
2302,半導體
2303,半導體
2305,電腦及週邊
2306,
2308,電子零組件
2309,
2310,
2311,半導體
2312,其他電子業
2313,電子零組件
2314,通信網路業
2315,電腦及週邊
2316,電子零組件
2317,其他電子業
2318,
2319,
2321,通信網路業
2322,
2323,光電業
2324,電腦及週邊
2325,半導體
2326,
2327,電子零組件
2328,電子零組件
2329,半導體
2330,半導體
2331,電腦及週邊
2332,通信網路業
2333,光電業
233350,
2335,
2336,電腦及週邊
2337,半導體
2338,半導體
2339,
2340,半導體
2341,電腦及週邊
2342,半導體
2343,
2344,半導體
2345,通信網路業
2347,電子通路業
2348,其他
2349,光電業
2350,其他電子業
2351,半導體
2352,電腦及週邊
2353,電腦及週邊
2354,其他電子業
2355,電子零組件
2356,電腦及週邊
2357,電腦及週邊
2358,其他
2359,其他電子業
2360,其他電子業
2361,電腦及週邊
2362,電腦及週邊
2363,半導體
2364,電腦及週邊
2365,電腦及週邊
2366,
2367,電子零組件
2368,電子零組件
2369,半導體
2370,
2371,電機機械
2373,其他電子業
2374,光電業
2375,電子零組件
2376,電腦及週邊
2377,電腦及週邊
2378,
2379,半導體
2380,電腦及週邊
2381,光電業
2382,電腦及週邊
2383,電子零組件
2384,光電業
2385,電子零組件
2386,
2387,電腦及週邊
2388,半導體
2389,
2390,其他電子業
2391,通信網路業
2392,電子零組件
2393,光電業
2394,
2395,電腦及週邊
2396,光電業
2397,電腦及週邊
2398,
2399,電腦及週邊
2401,半導體
2402,電子零組件
2403,電子通路業
2404,其他電子業
2405,電腦及週邊
2406,光電業
2407,
2408,半導體
2409,光電業
2410,
2411,其他電子業
2412,通信網路業
2413,電子零組件
2414,電子通路業
2415,電子零組件
2416,
2417,電腦及週邊
2418,其他電子業
2419,通信網路業
2420,電子零組件
2421,電子零組件
2422,
2423,其他電子業
2424,電腦及週邊
2425,電腦及週邊
2426,光電業
2427,資訊服務業
2428,電子零組件
2429,光電業
2430,電子通路業
2431,電子零組件
2432,通信網路業
2433,其他電子業
2434,半導體
2435,
2436,半導體
2437,電子零組件
2438,光電業
2439,通信網路業
2440,電子零組件
2441,半導體
2442,電腦及週邊
2443,其他
2444,通信網路業
2445,
2446,半導體
2447,資訊服務業
2448,光電業
2449,半導體
2450,通信網路業
2451,半導體
2452,電子零組件
2453,資訊服務業
2454,半導體
2455,通信網路業
2456,電子零組件
2457,電子零組件
2458,半導體
2459,其他電子業
2460,電子零組件
2461,其他電子業
2462,電子零組件
2463,電腦及週邊
2464,其他電子業
2465,電腦及週邊
2466,光電業
2467,電子零組件
2468,資訊服務業
2469,電子零組件
2470,
2471,資訊服務業
2472,電子零組件
2473,半導體
2474,其他電子業
2475,光電業
2476,電子零組件
2477,其他電子業
2478,電子零組件
2479,
2480,資訊服務業
2481,半導體
2482,其他電子業
2483,電子零組件
2484,電子零組件
2485,通信網路業
2486,光電業
2487,
2488,其他電子業
2489,光電業
2490,
2491,光電業
2492,電子零組件
2493,電子零組件
2494,
2495,電腦及週邊
2496,其他
2497,汽車工業
2498,通信網路業
2499,光電業
2501,建材營造
2504,建材營造
2505,建材營造
2506,建材營造
2507,
2509,建材營造
2511,建材營造
2512,
2514,其他
2515,建材營造
2516,建材營造
2517,
2518,
2520,建材營造
2521,
2523,建材營造
2524,建材營造
2525,
2526,建材營造
2527,建材營造
2528,建材營造
250623,
2530,建材營造
2533,
2534,建材營造
2535,建材營造
2536,建材營造
2537,建材營造
2538,建材營造
2539,建材營造
2540,建材營造
2542,建材營造
2543,建材營造
2544,
2545,建材營造
2546,建材營造
2547,建材營造
2548,建材營造
2553,
2566,
2569,
2572,
2577,建材營造
2591,其他電子業
2592,其他
2594,
2596,建材營造
2597,建材營造
2599,建材營造
2601,貿易百貨
2603,航運業
2604,
2605,航運業
2606,航運業
2607,航運業
2608,航運業
2609,航運業
2610,航運業
2611,航運業
2612,航運業
2613,航運業
2614,其他
2615,航運業
2616,油電燃氣業
2617,航運業
2618,航運業
2622,
2626,航運業
2628,航運業
2630,航運業
2633,航運業
2634,航運業
2636,航運業
2637,航運業
2639,航運業
2640,其他
2641,航運業
2642,航運業
2643,航運業
2644,航運業
2645,航運業
2646,航運業
2701,觀光事業
2702,觀光事業
2704,觀光事業
2705,觀光事業
2706,觀光事業
2707,觀光事業
2712,觀光事業
2714,
2717,觀光事業
2718,觀光事業
2719,觀光事業
2720,觀光事業
2721,觀光事業
2722,觀光事業
2723,觀光事業
2724,觀光事業
2726,觀光事業
2727,觀光事業
2729,觀光事業
2730,觀光事業
2731,觀光事業
2732,觀光事業
2733,觀光事業
2734,觀光事業
2735,觀光事業
2736,觀光事業
2738,觀光事業
2739,觀光事業
2740,觀光事業
2741,觀光事業
2743,觀光事業
2745,觀光事業
2748,觀光事業
2749,觀光事業
2750,觀光事業
2752,觀光事業
2753,觀光事業
2754,觀光事業
2755,觀光事業
2756,觀光事業
2758,觀光事業
2760,觀光事業
2761,觀光事業
2801,金融業
2807,金融業
2808,
2809,金融業
283520,
2811,
2812,金融業
2816,金融業
2820,金融業
2822,
2823,金融業
5832,
2825,
2827,
2828,
280918,
2831,金融業
2832,金融業
2833,金融業
2834,金融業
5845,
2836,金融業
2837,金融業
2838,金融業
2841,建材營造
5851,
2845,金融業
280906,
2847,金融業
2848,金融業
2849,金融業
2850,金融業
2851,金融業
2852,金融業
000970,金融業
2855,金融業
2856,金融業
2867,金融業
2880,金融業
2881,金融業
2882,金融業
2883,金融業
2884,金融業
2885,金融業
2886,金融業
2887,金融業
2888,金融業
2889,金融業
2890,金融業
2891,金融業
2892,金融業
2897,金融業
2901,貿易百貨
2902,
2903,貿易百貨
2904,其他
2905,貿易百貨
2906,貿易百貨
2908,貿易百貨
2910,貿易百貨
2911,貿易百貨
2912,貿易百貨
2913,貿易百貨
2915,貿易百貨
2916,貿易百貨
2920,觀光事業
2921,貿易百貨
2923,建材營造
2924,貿易百貨
2926,文化創意業
2928,觀光事業
2929,貿易百貨
2936,貿易百貨
2937,貿易百貨
2938,貿易百貨
2939,貿易百貨
2941,貿易百貨
2942,貿易百貨
2945,貿易百貨
2947,貿易百貨
2948,貿易百貨
2949,貿易百貨
3001,
3002,電腦及週邊
3003,電子零組件
3004,鋼鐵工業
3005,電腦及週邊
3006,半導體
3007,
3008,光電業
3009,光電業
3010,電子通路業
3011,電子零組件
3012,
3013,電腦及週邊
3014,半導體
3015,電子零組件
3016,半導體
3017,電腦及週邊
3018,其他電子業
3019,光電業
3020,電子通路業
3021,電子零組件
3022,電腦及週邊
3023,電子零組件
3024,光電業
3025,通信網路業
3026,電子零組件
3027,通信網路業
3028,電子通路業
3029,資訊服務業
3030,其他電子業
3031,光電業
3032,電子零組件
3033,電子通路業
3034,半導體
3035,半導體
3036,電子通路業
3037,電子零組件
3038,光電業
3039,
3040,其他
3041,半導體
3042,電子零組件
3043,其他電子業
3044,電子零組件
3045,通信網路業
3046,電腦及週邊
3047,通信網路業
3048,電子通路業
3049,光電業
3050,光電業
3051,光電業
3052,建材營造
3053,
3054,半導體
3055,電子通路業
3056,建材營造
3057,電腦及週邊
3058,電子零組件
3059,光電業
3060,電腦及週邊
3061,光電業
3062,通信網路業
3063,半導體
3064,文化創意業
3065,
3066,光電業
3067,其他電子業
3068,通信網路業
3069,電腦及週邊
3070,
3071,電腦及週邊
3072,
3073,半導體
3074,電腦及週邊
3075,資訊服務業
3076,
3077,
3078,電子零組件
3079,
3080,光電業
3081,通信網路業
3082,
3083,文化創意業
3084,
3085,電子商務
3086,文化創意業
3087,半導體
3088,電腦及週邊
3089,電子零組件
3090,電子零組件
3091,
3092,電子零組件
3093,其他電子業
3094,半導體
3095,通信網路業
3096,半導體
3097,電腦及週邊
3098,資訊服務業
3099,電子零組件
3105,半導體
3109,生技醫療
3114,電子零組件
3115,電子零組件
3116,
3117,電子零組件
3118,生技醫療
3122,半導體
3126,電腦及週邊
3127,其他電子業
3128,光電業
3130,資訊服務業
3131,其他電子業
3133,
3135,半導體
3137,
3138,通信網路業
3139,通信網路業
3141,半導體
3142,
3144,電子零組件
3146,
3147,資訊服務業
3149,光電業
3150,半導體
3151,光電業
3152,通信網路業
3158,資訊服務業
3159,
3161,電子零組件
3162,電機機械
3163,通信網路業
3164,生技醫療
3166,通信網路業
3167,電機機械
3168,光電業
3169,半導體
3171,貿易百貨
3176,生技醫療
3177,
3178,電機機械
3179,
3184,生技醫療
3185,
3186,半導體
3188,建材營造
3189,半導體
3190,
3191,電子零組件
3192,
3193,
3194,
3195,光電業
3196,
3202,電子零組件
3205,生技醫療
3206,電子零組件
3207,電子零組件
3208,
3209,電子通路業
3211,電腦及週邊
3212,
3213,電腦及週邊
3214,
3216,
3217,電子零組件
3218,生技醫療
3219,其他電子業
3221,通信網路業
3222,
3223,
3224,電子通路業
3226,電機機械
3227,半導體
3228,半導體
3229,電子零組件
3230,光電業
3231,電腦及週邊
3232,電子通路業
3233,
3234,通信網路業
3236,電子零組件
3237,通信網路業
3239,
3240,
3241,
3252,觀光事業
3256,電子通路業
3257,半導體
3258,
3259,半導體
3260,半導體
3264,半導體
3265,半導體
3266,建材營造
3267,電腦及週邊
3268,半導體
3270,
3271,半導體
3272,電腦及週邊
3274,
3276,電子零組件
3278,
3279,電子通路業
3282,電子通路業
3283,
3284,其他
3285,其他電子業
3286,
3287,電腦及週邊
3288,電子零組件
3289,其他電子業
3290,電子零組件
3291,半導體
3293,文化創意業
3294,電子零組件
3295,
3296,電子零組件
3297,光電業
3298,半導體
3299,通信網路業
3301,其他電子業
3302,
3303,其他電子業
3304,
3305,其他電子業
3306,通信網路業
3307,光電業
3308,電子零組件
3309,電子零組件
3310,電子零組件
3311,通信網路業
3312,電子通路業
3313,其他
3314,資訊服務業
3315,電子通路業
3317,半導體
3318,其他電子業
3320,
3321,電子零組件
3322,電子零組件
3323,電腦及週邊
3324,其他電子業
3325,電腦及週邊
3328,
3330,
3331,
3332,電子零組件
3333,
3334,通信網路業
3338,電子零組件
3339,光電業
3342,半導體
3343,
3344,
3345,電子零組件
3346,汽車工業
3347,
3348,
3349,電腦及週邊
3350,生技醫療
3353,
3354,電子零組件
3355,
3356,光電業
3357,電子零組件
3360,電子通路業
3361,其他電子業
3362,光電業
3363,通信網路業
3364,
3365,
3366,
3367,其他電子業
3368,
3369,電子零組件
3370,
3371,
3372,半導體
3373,其他電子業
3374,半導體
3376,電子零組件
3377,其他電子業
3379,電機機械
3380,通信網路業
3381,
3383,光電業
3387,
3388,電子零組件
3389,電子通路業
3390,電子零組件
3391,通信網路業
3394,其他電子業
3395,
3396,電腦及週邊
3397,半導體
3401,
3402,其他電子業
3404,
3406,光電業
3408,半導體
3411,半導體
3412,通信網路業
3413,半導體
3414,其他電子業
3416,電腦及週邊
3419,通信網路業
3422,電子零組件
3423,電子通路業
3426,電機機械
3428,光電業
3429,電子通路業
3430,化學工業
3431,通信網路業
3432,電子零組件
3434,光電業
3435,其他電子業
3437,光電業
3438,半導體
3441,光電業
3442,
3443,半導體
3444,電子通路業
3447,通信網路業
3450,半導體
3452,光電業
3454,光電業
3455,光電業
3465,電子零組件
3466,通信網路業
3469,
3470,
3471,光電業
3472,油電燃氣業
3474,半導體
3475,半導體
3479,電腦及週邊
3480,電腦及週邊
3481,光電業
3482,半導體
3483,電腦及週邊
3484,電子零組件
3485,光電業
3489,建材營造
3490,光電業
3491,通信網路業
3492,電子零組件
3494,電腦及週邊
3496,電子零組件
3497,
3498,其他電子業
3499,通信網路業
3501,電子零組件
3502,電子零組件
3503,電子零組件
3504,光電業
3505,文化創意業
3506,半導體
3507,電子零組件
3508,其他電子業
3511,電子零組件
3512,建材營造
3513,電腦及週邊
3514,光電業
3515,電腦及週邊
3516,光電業
3517,光電業
3518,其他電子業
3519,半導體
3520,電子零組件
3521,電腦及週邊
3522,觀光事業
3523,光電業
3524,電子零組件
3526,電子零組件
3527,半導體
3528,電子通路業
3529,半導體
3530,半導體
3531,光電業
3532,半導體
3533,電子零組件
3534,半導體
3535,光電業
3536,半導體
3537,電子零組件
3538,半導體
3540,電腦及週邊
3541,其他電子業
3542,電子零組件
3543,光電業
3544,光電業
3545,半導體
3546,文化創意業
3547,光電業
3548,電子零組件
3549,電腦及週邊
3550,電子零組件
3551,其他電子業
3552,其他電子業
3553,半導體
3554,資訊服務業
3555,半導體
3556,半導體
3557,其他
3558,通信網路業
3559,半導體
3560,電子零組件
3561,光電業
3562,光電業
3563,光電業
3564,通信網路業
3565,光電業
3566,光電業
3567,半導體
3568,光電業
3570,資訊服務業
3571,半導體
3572,半導體
3573,光電業
3574,半導體
3575,光電業
3576,光電業
3577,電腦及週邊
3578,電子零組件
3579,半導體
3580,其他電子業
3581,半導體
3582,半導體
3583,半導體
3584,光電業
3585,電子零組件
3586,電子零組件
3587,其他電子業
3588,半導體
3589,半導體
3590,光電業
3591,光電業
3592,半導體
3593,電子零組件
3594,電腦及週邊
3595,光電業
3596,通信網路業
3597,電子零組件
3598,半導體
3599,光電業
3601,通信網路業
3603,電子通路業
3604,光電業
3605,電子零組件
3606,光電業
3607,電子零組件
3609,電子零組件
3610,光電業
3611,電腦及週邊
3612,電子零組件
3613,半導體
3614,半導體
3615,光電業
3616,光電業
3617,其他電子業
3619,光電業
3620,半導體
3622,光電業
3623,光電業
3624,電子零組件
3625,電腦及週邊
3627,光電業
3628,其他電子業
3629,文化創意業
3630,光電業
3631,電子零組件
3632,通信網路業
3633,光電業
3634,通信網路業
3635,半導體
3636,電子零組件
3637,半導體
3638,半導體
3642,其他電子業
3643,光電業
3644,其他電子業
3645,電子零組件
3646,電子零組件
3647,半導體
3649,光電業
3651,其他電子業
3652,電腦及週邊
3653,電子零組件
3656,光電業
3657,電子零組件
3658,半導體
3659,光電業
3661,半導體
3662,文化創意業
3663,其他電子業
3664,通信網路業
3665,其他電子業
3666,光電業
3669,通信網路業
3671,文化創意業
3672,通信網路業
3673,光電業
3674,通信網路業
3675,半導體
3678,光電業
3679,電子零組件
3680,半導體
3681,電子零組件
3682,通信網路業
3684,通信網路業
3685,電機機械
3686,半導體
3687,電子商務
3688,光電業
3689,電子零組件
3690,半導體
3691,光電業
3693,電腦及週邊
3694,通信網路業
3697,半導體
3698,光電業
3701,電腦及週邊
3702,電子通路業
3703,建材營造
3704,通信網路業
3705,生技醫療
3706,電腦及週邊
3707,半導體
3708,化學工業
3709,電腦及週邊
3710,電子零組件
3711,半導體
3712,電腦及週邊
3713,光電業
3714,光電業
3715,電子零組件
4102,生技醫療
4103,生技醫療
4104,生技醫療
4105,生技醫療
4106,生技醫療
4107,生技醫療
4108,生技醫療
4109,生技醫療
4110,
4111,生技醫療
4113,建材營造
4114,生技醫療
4115,生技醫療
4116,生技醫療
4117,生技醫療
4118,生技醫療
4119,生技醫療
4120,生技醫療
4121,生技醫療
4123,生技醫療
4124,生技醫療
4125,生技醫療
4126,生技醫療
4127,生技醫療
4128,生技醫療
4129,生技醫療
4130,生技醫療
4131,生技醫療
4132,生技醫療
4133,生技醫療
4134,生技醫療
4135,生技醫療
4136,生技醫療
4137,生技醫療
4138,生技醫療
4139,生技醫療
4140,生技醫療
4141,生技醫療
4142,生技醫療
4144,生技醫療
4145,生技醫療
4147,生技醫療
4148,生技醫療
4150,生技醫療
4151,生技醫療
4152,生技醫療
4153,生技醫療
4154,生技醫療
4155,生技醫療
4156,生技醫療
4157,生技醫療
4159,生技醫療
4160,生技醫療
4161,生技醫療
4162,生技醫療
4163,生技醫療
4164,生技醫療
4166,生技醫療
4167,生技醫療
4168,生技醫療
4169,生技醫療
4170,生技醫療
4171,農業科技
4172,生技醫療
4173,生技醫療
4174,生技醫療
4175,生技醫療
4177,生技醫療
4180,生技醫療
4181,生技醫療
4183,生技醫療
4184,生技醫療
4186,生技醫療
4187,生技醫療
4188,生技醫療
4190,生技醫療
4191,生技醫療
4192,生技醫療
4193,農業科技
4194,生技醫療
4195,生技醫療
4197,生技醫療
4198,生技醫療
4205,食品工業
4207,食品工業
4303,塑膠工業
4304,塑膠工業
4305,塑膠工業
4306,塑膠工業
4401,紡織纖維
4402,紡織纖維
4404,
4406,紡織纖維
4408,紡織纖維
4413,紡織纖維
4414,紡織纖維
4415,食品工業
4416,建材營造
4417,紡織纖維
4419,紡織纖維
4420,紡織纖維
4424,
4426,紡織纖維
4427,紡織纖維
4429,紡織纖維
4430,其他
4431,其他
4432,紡織纖維
4433,紡織纖維
4438,紡織纖維
4439,紡織纖維
4440,紡織纖維
4441,紡織纖維
4502,電機機械
4503,電機機械
4506,電機機械
4510,電機機械
4513,電機機械
4522,
4523,電機機械
4526,電機機械
4527,電機機械
4528,電機機械
4529,其他
4530,電機機械
4532,電機機械
4533,電機機械
4534,電機機械
4535,電機機械
4536,其他
4537,光電業
4538,電機機械
4540,電機機械
4541,其他
4542,電子零組件
4543,電機機械
4544,電機機械
4545,電子零組件
4546,電機機械
4547,電機機械
4549,電機機械
4550,電機機械
4551,汽車工業
4552,電機機械
4553,電機機械
4554,其他電子業
4555,電機機械
4556,其他
4557,汽車工業
4558,電機機械
4559,電機機械
4560,電機機械
4561,電機機械
4562,電機機械
4563,電機機械
4564,電機機械
4565,電機機械
4566,電機機械
4568,電機機械
4570,電機機械
4571,電機機械
4572,電機機械
4573,電機機械
4575,電機機械
4576,電機機械
4577,其他電子業
4578,電機機械
4580,電機機械
4581,汽車工業
4582,光電業
4583,電機機械
4584,電機機械
4587,電機機械
4588,電機機械
4609,電器電纜
4702,化學工業
4703,光電業
4706,化學工業
4707,化學工業
4711,化學工業
4712,食品工業
4714,化學工業
4716,化學工業
4717,
4720,化學工業
4721,化學工業
4722,化學工業
4725,化學工業
4726,生技醫療
4727,生技醫療
4728,生技醫療
4729,光電業
4730,橡膠工業
4731,生技醫療
4732,生技醫療
4733,化學工業
4734,生技醫療
4735,生技醫療
4736,生技醫療
4737,生技醫療
4738,化學工業
4739,化學工業
4740,生技醫療
4741,化學工業
4743,生技醫療
4744,生技醫療
4745,生技醫療
4746,生技醫療
4747,生技醫療
4749,光電業
4752,化學工業
4754,化學工業
4755,化學工業
4758,化學工業
4760,其他電子業
4762,化學工業
4763,化學工業
4764,化學工業
4765,化學工業
4766,化學工業
4767,化學工業
4768,化學工業
4770,化學工業
4771,生技醫療
4772,化學工業
4773,化學工業
4801,
4802,文化創意業
4803,文化創意業
4804,觀光事業
4805,文化創意業
4806,文化創意業
4807,貿易百貨
4903,通信網路業
4904,通信網路業
4905,通信網路業
4906,通信網路業
4907,建材營造
4908,通信網路業
4909,通信網路業
4910,
4911,生技醫療
4912,電子零組件
4913,光電業
4914,電子零組件
4915,電子零組件
4916,電腦及週邊
4917,資訊服務業
4919,半導體
4920,其他電子業
4921,半導體
4922,光電業
4923,半導體
4924,電腦及週邊
4925,半導體
4927,電子零組件
4929,光電業
4930,電器電纜
4931,電腦及週邊
4932,半導體
4933,光電業
4934,光電業
4935,光電業
4938,電腦及週邊
4939,電子零組件
4941,光電業
4942,光電業
4943,電子零組件
4944,光電業
4945,半導體
4946,文化創意業
4947,半導體
4949,光電業
4950,其他
4951,半導體
4952,半導體
4953,資訊服務業
4956,光電業
4958,電子零組件
4960,光電業
4961,半導體
4962,電子零組件
4963,光電業
4965,電子商務
4966,半導體
4967,半導體
4968,半導體
4969,光電業
4971,半導體
4972,光電業
4973,半導體
4974,電子零組件
4975,光電業
4976,光電業
4977,通信網路業
4978,其他電子業
4979,通信網路業
4980,電子零組件
4984,通信網路業
4987,電腦及週邊
4989,電子零組件
4990,光電業
4991,半導體
4992,光電業
4994,資訊服務業
4995,光電業
4996,光電業
4997,光電業
4999,電子零組件
200798,
5006,
5007,鋼鐵工業
200670,
5009,鋼鐵工業
5011,鋼鐵工業
5013,鋼鐵工業
5014,鋼鐵工業
5015,鋼鐵工業
5016,鋼鐵工業
5017,鋼鐵工業
5102,橡膠工業
5201,資訊服務業
5202,資訊服務業
5203,資訊服務業
5204,
5205,其他電子業
5206,建材營造
5207,
5208,
5209,其他
5210,資訊服務業
5211,資訊服務業
5212,資訊服務業
5213,建材營造
5215,電腦及週邊
5216,光電業
5217,光電業
5220,光電業
5221,光電業
5222,半導體
5223,電腦及週邊
5225,其他電子業
5226,光電業
5227,電子零組件
5228,電子零組件
5229,電子零組件
5230,光電業
5231,光電業
5232,資訊服務業
5233,其他電子業
5234,光電業
5236,半導體
5238,其他電子業
5239,電腦及週邊
5240,光電業
5242,光電業
5243,光電業
5244,光電業
5245,光電業
5246,半導體
5247,光電業
5248,光電業
5250,半導體
5251,光電業
5253,光電業
5254,電子零組件
5255,電子零組件
5256,光電業
5257,光電業
5258,電腦及週邊
5259,光電業
5261,半導體
5262,半導體
5263,文化創意業
5264,電腦及週邊
5265,光電業
5266,資訊服務業
5267,光電業
5269,半導體
5271,電子零組件
5272,半導體
5274,半導體
5275,光電業
5276,其他
5277,光電業
5278,電子商務
5279,其他
5280,半導體
5281,光電業
5282,光電業
5283,電器電纜
5284,其他
5285,半導體
5286,文化創意業
5287,電子商務
5288,電機機械
5289,電腦及週邊
5291,電子零組件
5292,其他
5294,通信網路業
5295,其他電子業
5296,光電業
5297,半導體
5299,半導體
5301,觀光事業
5302,半導體
5304,電腦及週邊
5305,半導體
5306,其他
5307,
5309,電子零組件
5310,資訊服務業
5312,生技醫療
5313,
5314,半導體
5315,光電業
5317,電子零組件
5318,
5321,電子商務
5324,建材營造
5325,
5326,半導體
5328,電子零組件
5332,
5333,
5336,
5340,電子零組件
5343,
5344,半導體
5345,其他
5346,半導體
5347,半導體
5348,通信網路業
5349,電子零組件
5351,半導體
5353,通信網路業
5355,電子零組件
5356,電腦及週邊
5364,觀光事業
5371,光電業
5372,
5375,
5376,電子工業
5381,電子零組件
5383,其他電子業
5384,電腦及週邊
5385,
5386,電腦及週邊
5387,半導體
5388,通信網路業
5392,光電業
5395,其他
5398,其他
5401,
5403,資訊服務業
5410,資訊服務業
5414,電腦及週邊
5425,半導體
5426,電腦及週邊
5432,光電業
5434,電子通路業
5436,
5438,電腦及週邊
5439,電子零組件
5441,
5442,
5443,光電業
5448,
5450,其他
5452,其他電子業
5455,建材營造
5457,電子零組件
5460,電子零組件
5464,電子零組件
5465,電腦及週邊
5466,半導體
5467,電子通路業
5468,半導體
5469,電子零組件
5471,半導體
5473,
5474,電腦及週邊
5475,電子零組件
5478,文化創意業
5480,電子零組件
5481,其他
5483,半導體
5484,光電業
5487,半導體
5488,電子零組件
5489,其他電子業
5490,電腦及週邊
5491,電子零組件
5492,其他電子業
5493,其他電子業
5494,
5497,
5498,電子零組件
5501,建材營造
250626,
251114,
251130,
5505,建材營造
5506,建材營造
5508,建材營造
5511,建材營造
5512,建材營造
5514,建材營造
5515,建材營造
5516,建材營造
251516,
5519,建材營造
5520,建材營造
5521,建材營造
5522,建材營造
5523,建材營造
5524,
5525,建材營造
252242,
5528,
5529,建材營造
5530,其他
5531,建材營造
252240,
5533,建材營造
5534,建材營造
5536,其他電子業
5538,鋼鐵工業
5541,建材營造
5543,建材營造
5546,建材營造
5547,建材營造
5548,建材營造
5601,航運業
5602,
5603,航運業
5604,其他
5605,航運業
5607,航運業
5608,航運業
5609,航運業
5701,觀光事業
5702,
5703,觀光事業
5704,觀光事業
5706,觀光事業
5801,其他
5810,金融業
5818,金融業
5853,
5820,金融業
5828,金融業
5831,金融業
5833,金融業
5834,金融業
5835,金融業
5836,金融業
5838,金融業
5839,其他
5840,金融業
5841,金融業
5842,金融業
5843,金融業
5844,金融業
5846,金融業
5847,金融業
5848,金融業
5849,金融業
5850,金融業
5852,金融業
5854,金融業
5859,金融業
5863,金融業
5864,金融業
5871,其他
5876,金融業
5878,金融業
5880,金融業
5901,貿易百貨
5902,貿易百貨
5903,貿易百貨
5904,貿易百貨
5905,貿易百貨
5906,貿易百貨
5907,貿易百貨
6002,
000572,金融業
6004,
6005,金融業
6008,金融業
000940,金融業
000582,金融業
6013,
6015,金融業
6016,金融業
000121,金融業
6018,金融業
6020,金融業
6021,金融業
6022,金融業
6023,金融業
6024,金融業
6026,金融業
6027,金融業
6028,金融業
6035,金融業
6101,文化創意業
6103,半導體
6104,半導體
6105,電腦及週邊
6107,電子通路業
6108,電子零組件
6109,通信網路業
6110,資訊服務業
6111,文化創意業
6112,資訊服務業
6113,電子通路業
6114,電子零組件
6115,電子零組件
6116,光電業
6117,電腦及週邊
6118,電子通路業
6119,電子通路業
6120,光電業
6121,電腦及週邊
6122,電機機械
6123,電腦及週邊
6124,電子零組件
6125,光電業
6126,電子零組件
6127,電子零組件
6128,電腦及週邊
6129,半導體
6130,生技醫療
6131,光電業
6132,
6133,電子零組件
6134,電子零組件
6135,電子通路業
6136,通信網路業
6137,
6138,半導體
6139,其他電子業
6140,資訊服務業
6141,電子零組件
6142,通信網路業
6143,通信網路業
6144,文化創意業
6145,電子通路業
6146,其他電子業
6147,半導體
6148,資訊服務業
6149,資訊服務業
6150,電腦及週邊
6151,其他電子業
6152,通信網路業
6153,電子零組件
6154,電子通路業
6155,電子零組件
6156,電子零組件
6157,
6158,電子零組件
6159,電子通路業
6160,電腦及週邊
6161,電腦及週邊
6162,
6163,通信網路業
6164,光電業
6165,其他
6166,電腦及週邊
6167,光電業
6168,光電業
6169,文化創意業
6170,通信網路業
6171,建材營造
6172,電腦及週邊
6173,電子零組件
6174,電子零組件
6175,電子零組件
6176,光電業
6177,建材營造
6178,
6179,其他
6180,文化創意業
6181,
6182,半導體
6183,資訊服務業
6184,其他
6185,電子零組件
6186,建材營造
6187,其他電子業
6188,電腦及週邊
6189,電子通路業
6190,通信網路業
6191,電子零組件
6192,其他電子業
6193,
6194,電子零組件
6195,貿易百貨
6196,其他電子業
6197,電子零組件
6198,半導體
6199,其他
6201,其他電子業
6202,半導體
6203,電子零組件
6204,電子零組件
6205,電子零組件
6206,電腦及週邊
6207,電子零組件
6208,電子零組件
6209,光電業
6210,電子零組件
6211,電子零組件
6212,建材營造
6213,電子零組件
6214,資訊服務業
6215,其他電子業
6216,通信網路業
6217,電子零組件
6218,通信網路業
6219,建材營造
6220,電子零組件
6221,資訊服務業
6222,光電業
6223,半導體
6224,電子零組件
6225,光電業
6226,光電業
6227,電子通路業
6228,電腦及週邊
6229,半導體
6230,電腦及週邊
6231,資訊服務業
6232,
6233,半導體
6234,光電業
6235,電腦及週邊
6236,其他
6237,半導體
6238,其他電子業
6239,半導體
6240,其他
6241,通信網路業
6242,生技醫療
6243,半導體
6244,光電業
6245,通信網路業
6246,光電業
6247,其他電子業
6248,鋼鐵工業
6249,
6250,電子零組件
6251,電子零組件
6252,
6253,
6254,
6255,光電業
6256,
6257,半導體
6258,
6259,電子零組件
6261,半導體
6262,
6263,通信網路業
6264,建材營造
6265,電子通路業
6266,電子零組件
6267,
6268,
6269,電子零組件
6270,電子通路業
6271,半導體
6272,電子零組件
6273,
6274,電子零組件
6275,電子零組件
6276,電腦及週邊
6277,電腦及週邊
6278,光電業
6279,電子零組件
6280,半導體
6281,電子通路業
6282,電子零組件
6283,其他電子業
6284,電子零組件
6285,通信網路業
6286,半導體
6287,半導體
6288,汽車工業
6289,光電業
6290,電子零組件
6291,半導體
6292,電子零組件
6293,
6294,文化創意業
6295,
6296,
6297,
6298,電腦及週邊
6299,
6401,建材營造
6402,建材營造
6403,通信網路業
6404,資訊服務業
6405,光電業
6406,光電業
6407,電子零組件
6409,其他電子業
6411,半導體
6412,電子零組件
6414,電腦及週邊
6415,半導體
6416,通信網路業
6417,通信網路業
6418,電子零組件
6419,光電業
6422,電子零組件
6423,半導體
6425,電機機械
6426,通信網路業
6428,文化創意業
6429,光電業
6431,生技醫療
6432,電子零組件
6434,光電業
6435,半導體
6436,電腦及週邊
6437,電子零組件
6438,其他電子業
6441,電腦及週邊
6442,通信網路業
6443,光電業
6445,生技醫療
6446,生技醫療
6449,電子零組件
6451,半導體
6452,生技醫療
6453,生技醫療
6455,光電業
6456,光電業
6457,半導體
6458,生技醫療
6461,生技醫療
6462,半導體
6464,其他
6465,通信網路業
6467,生技醫療
6468,文化創意業
6469,生技醫療
6470,通信網路業
6471,生技醫療
6472,生技醫療
6473,文化創意業
6474,電子通路業
6475,電子零組件
6477,光電業
6479,農業科技
6481,其他電子業
6482,文化創意業
6483,生技醫療
6485,半導體
6486,通信網路業
6487,生技醫療
6488,半導體
6489,光電業
6490,光電業
6491,生技醫療
6492,生技醫療
6493,生技醫療
6494,半導體
6495,化學工業
6496,生技醫療
6497,生技醫療
6498,光電業
6499,生技醫療
6502,紡織纖維
6503,
6504,其他
6505,油電燃氣業
6506,紡織纖維
6507,化學工業
6508,農業科技
6509,化學工業
6510,半導體
6511,光電業
6512,其他電子業
6514,通信網路業
6515,半導體
6516,資訊服務業
6517,光電業
6518,生技醫療
6521,生技醫療
6523,生技醫療
6525,半導體
6526,半導體
6527,生技醫療
6529,資訊服務業
6530,通信網路業
6531,半導體
6532,半導體
6533,半導體
6534,農業科技
6535,生技醫療
6536,資訊服務業
6538,電子零組件
6539,生技醫療
6540,生技醫療
6541,生技醫療
6542,文化創意業
6543,生技醫療
6545,半導體
6546,通信網路業
6547,生技醫療
6548,半導體
6549,生技醫療
6550,生技醫療
6551,電子零組件
6552,半導體
6553,食品工業
6554,生技醫療
6555,電子零組件
6556,光電業
6558,其他電子業
6559,光電業
6560,光電業
6561,通信網路業
6562,生技醫療
6564,生技醫療
6565,資訊服務業
6566,生技醫療
6567,生技醫療
6568,半導體
6569,生技醫療
6570,電腦及週邊
6572,生技醫療
6573,半導體
6574,生技醫療
6575,生技醫療
6576,生技醫療
6577,電腦及週邊
6578,農業科技
6579,電腦及週邊
6580,生技醫療
6581,其他
6582,橡膠工業
6583,文化創意業
6584,電子零組件
6585,其他
6586,生技醫療
6588,通信網路業
6589,生技醫療
6590,資訊服務業
6591,電腦及週邊
6592,其他
6593,資訊服務業
6594,半導體
6595,文化創意業
6596,文化創意業
6597,電子零組件
6598,生技醫療
6599,電腦及週邊
6601,電機機械
6602,
6603,電機機械
6604,電機機械
6605,汽車工業
6606,電機機械
6607,
6608,電機機械
6609,電機機械
6610,生技醫療
6611,文化創意業
6612,生技醫療
6613,其他電子業
6615,生技醫療
6616,其他
6617,生技醫療
6618,化學工業
6620,生技醫療
6621,生技醫療
6622,文化創意業
6624,其他
6625,其他
6626,文化創意業
6627,其他
6629,其他
6633,生技醫療
6634,生技醫療
6637,生技醫療
6638,電腦及週邊
6639,油電燃氣業
6640,半導體
6641,其他
6642,電子零組件
6643,半導體
6645,生技醫療
6648,其他電子業
6649,生技醫療
6650,文化創意業
6651,半導體
6652,生技醫療
6653,光電業
6654,其他電子業
6655,其他
6656,文化創意業
6657,生技醫療
6658,其他電子業
6661,生技醫療
6662,生技醫療
6664,電子零組件
6665,生技醫療
6666,生技醫療
6667,其他電子業
6668,光電業
6669,電腦及週邊
6670,其他
6671,其他
6672,電子零組件
6673,光電業
6674,通信網路業
6676,生技醫療
6677,生技醫療
6679,半導體
6680,電腦及週邊
6681,資訊服務業
6682,光電業
6683,半導體
6684,半導體
6688,文化創意業
6689,其他電子業
6690,資訊服務業
6691,其他電子業
6692,光電業
6693,半導體
6695,半導體
6696,生技醫療
6697,資訊服務業
6698,其他電子業
6699,半導體
6701,航運業
6702,航運業
6703,生技醫療
6705,電機機械
6706,光電業
6707,電子通路業
6708,半導體
6709,生技醫療
6712,生技醫療
6713,生技醫療
6715,電子零組件
6716,半導體
6717,其他電子業
6719,半導體
6720,半導體
6721,其他
6723,其他
6724,光電業
6725,其他電子業
6727,電子零組件
6728,貿易百貨
6729,光電業
6730,生技醫療
6731,其他
6732,半導體
6733,生技醫療
6734,生技醫療
6735,其他電子業
6736,文化創意業
6737,電腦及週邊
6738,資訊服務業
6739,其他電子業
6740,電子商務
6741,電子商務
6742,光電業
6743,其他電子業
6744,生技醫療
6747,生技醫療
6748,生技醫療
6750,其他電子業
6751,資訊服務業
6752,資訊服務業
6753,航運業
6754,其他
6755,電子零組件
6756,半導體
6757,航運業
6758,生技醫療
6761,電子零組件
6762,生技醫療
6763,電子商務
6764,其他
6767,生技醫療
6768,其他
6770,半導體
6771,其他
6772,生技醫療
6775,光電業
6776,電子通路業
6780,文化創意業
6781,電子零組件
6782,生技醫療
6784,通信網路業
6785,生技醫療
6786,半導體
6787,光電業
6788,半導體
6789,半導體
6790,造紙工業
6791,資訊服務業
6792,通信網路業
6793,其他
6794,生技醫療
6796,生技醫療
6797,生技醫療
6799,半導體
6803,其他
6804,其他
6805,電子零組件
6806,其他
6807,其他
6808,生技醫療
6810,生技醫療
6811,資訊服務業
6812,光電業
6813,電腦及週邊
6814,生技醫療
6815,生技醫療
6816,資訊服務業
6817,生技醫療
6818,通信網路業
6819,半導體
6820,通信網路業
6821,電子零組件
6823,半導體
6825,電腦及週邊
6826,其他電子業
6827,生技醫療
6829,電機機械
6830,其他電子業
6831,電腦及週邊
6832,其他
6833,電子零組件
6834,電子零組件
6835,電子零組件
6837,其他
6838,生技醫療
6839,光電業
6840,其他電子業
6841,生技醫療
6842,半導體
6843,電機機械
6844,生技醫療
6846,食品工業
6847,生技醫療
6848,生技醫療
6850,生技醫療
6855,其他電子業
6856,文化創意業
6857,生技醫療
6858,電腦及週邊
6859,光電業
6861,生技醫療
6864,生技醫療
6865,資訊服務業
6867,光電業
6868,資訊服務業
6869,其他
6870,電子商務
6872,生技醫療
6873,其他
6874,資訊服務業
6875,生技醫療
6877,其他電子業
6878,金融業
6879,生技醫療
6881,其他
6882,資訊服務業
6884,資訊服務業
6885,生技醫療
6891,生技醫療
6892,生技醫療
6894,其他
6895,半導體
6898,資訊服務業
6899,光電業
6901,其他
6903,其他電子業
6904,其他
6906,資訊服務業
6908,電子通路業
6911,其他
6913,電子零組件
6914,其他
6915,電子零組件
6916,光電業
6917,生技醫療
6918,生技醫療
6919,生技醫療
6920,半導體
6925,資訊服務業
6926,生技醫療
6931,生技醫療
6932,生技醫療
7401,
7402,光電業
7403,
7404,
7405,
7406,
7407,
7408,
7409,
7410,
7411,
7412,
7413,
7415,
7419,電子零組件
7420,
7421,農業科技
7422,
7423,
7425,
7426,生技醫療
7427,生技醫療
7428,
7429,
7430,
7431,
7432,
7433,
7436,
7437,
7438,
7439,
7440,
7441,
7442,
7443,其他
7445,
7446,
7447,
7448,
7449,
7450,
7451,
7452,文化創意業
7455,
7456,
7457,
7458,
7459,
7460,
7462,
7463,
7465,
7466,
7467,
7468,
7469,
7470,
7471,
7472,
7475,文化創意業
7476,
7477,
7478,
7479,
7480,
7481,
7482,
7483,
7485,
7486,
7487,
7488,
7489,
7490,
7491,
7492,
7493,
7495,
7496,
7497,
7498,
7499,
7500,
7501,
7502,其他
7503,
7504,
7505,
7506,
7507,其他
7508,
7509,
7510,
7511,
7512,
7513,
7514,
7515,
7516,其他
7517,
7518,
7519,
7520,
7521,
7522,
7523,
7525,
7526,
7527,
7528,
7529,
7530,半導體
7531,
7532,
7533,
7534,
7535,
7536,
7537,
7538,
7539,
7541,
7542,
7543,
7545,
7546,
7547,資訊服務業
7548,
7549,
7550,
7551,電子商務
7552,
7553,
7554,
7555,生技醫療
7556,半導體
7557,
7558,其他
7559,
7560,
7561,生技醫療
7562,
7563,
7564,
7565,
7566,觀光事業
7567,
7568,
7569,
7570,其他
7571,
7572,
7573,
7574,
7575,生技醫療
7576,
7577,
7578,其他
7579,
7580,
7581,
7583,
7584,文化創意業
7585,
7586,
7587,
7588,
7589,
7590,其他
7591,
7592,
7593,
7595,生技醫療
7596,
7597,
7598,
7600,
7601,
7602,
7603,
7604,
7605,
7606,
7607,
7608,
7609,
7611,
7612,
7613,
7614,
7616,
7617,
7618,
7619,其他
7620,
7622,
7623,其他
7624,
7625,
7627,
7628,
7629,其他
7630,其他
7631,
7633,其他
7636,文化創意業
8002,
8007,
8008,電腦及週邊
8009,
8010,
8011,通信網路業
8012,
8014,
8015,電子工業
8016,半導體
8017,
8018,
8019,電子零組件
8020,
8021,其他電子業
8022,電子工業
8023,
8024,半導體
8025,
8026,資訊服務業
8027,電機機械
8028,半導體
8029,光電業
8030,電機機械
8031,
8032,電子通路業
8033,其他
8034,通信網路業
8035,
8036,其他電子業
8037,
8038,電子零組件
8039,電子零組件
8040,半導體
8041,電機機械
8042,電子零組件
8043,電子零組件
8044,電子商務
8045,通信網路業
8046,電子零組件
8047,其他電子業
8048,通信網路業
8049,光電業
8050,電腦及週邊
8051,
8052,
8053,光電業
8054,半導體
8055,
8056,光電業
8057,
8058,
8059,通信網路業
8060,電腦及週邊
8061,
8062,
8063,
8064,光電業
8065,電子零組件
8066,貿易百貨
8067,電子通路業
8068,電子通路業
8069,光電業
8070,電子通路業
8071,電子零組件
8072,電子通路業
8073,
8074,電子零組件
8075,
8076,電腦及週邊
8077,觀光事業
8078,通信網路業
8079,半導體
8080,建材營造
8081,半導體
8082,通信網路業
8083,電機機械
8084,電子通路業
8085,其他電子業
8086,半導體
8087,光電業
8088,半導體
8089,通信網路業
8090,
8091,電子零組件
8092,其他電子業
8093,電子零組件
8094,通信網路業
8095,
8096,電子通路業
8097,通信網路業
8098,
8099,資訊服務業
8101,通信網路業
8102,
8103,電子零組件
8104,光電業
8105,光電業
8106,
8107,電機機械
8108,
8109,電子零組件
8110,半導體
8111,光電業
8112,電子通路業
8114,電腦及週邊
8115,電子零組件
8119,電腦及週邊
8121,電子零組件
8122,資訊服務業
8127,半導體
8130,
8131,半導體
8143,
8147,電子零組件
8150,半導體
8155,電子零組件
8157,半導體
8162,半導體
8163,電腦及週邊
8165,電子零組件
8171,通信網路業
8172,
8176,通信網路業
8179,
8182,電子零組件
8183,其他電子業
8189,通信網路業
8191,光電業
8193,
8197,電腦及週邊
8199,光電業
8201,其他電子業
8204,
8210,電腦及週邊
8213,電子零組件
8215,光電業
8218,電子工業
8219,
8221,
8222,電機機械
8225,半導體
8227,半導體
8234,電腦及週邊
8235,
8240,光電業
8249,電子零組件
8255,電機機械
8259,
8261,半導體
8264,電腦及週邊
8266,光電業
8271,半導體
8276,
8277,半導體
8279,生技醫療
8281,光電業
8284,資訊服務業
8286,
8287,電子零組件
8289,電子零組件
8291,電子零組件
8295,
8297,電腦及週邊
8298,資訊服務業
8299,半導體
8303,
8307,其他
8325,文化創意業
8329,文化創意業
8341,其他
8342,其他
8349,鋼鐵工業
8351,半導體
8354,其他
8358,電子零組件
8359,觀光事業
8361,
8367,航運業
8374,電機機械
8375,
8380,
8382,
8383,其他電子業
8390,其他
8393,
8401,其他
8403,生技醫療
8404,其他
8406,生技醫療
8409,生技醫療
8410,電腦及週邊
8411,其他
8414,貿易百貨
8415,鋼鐵工業
8416,資訊服務業
8418,其他
8419,其他
8420,其他
8421,其他
8422,其他
8423,其他
8424,建材營造
8426,其他
8427,其他
8429,貿易百貨
8431,其他電子業
8432,生技醫療
8433,貿易百貨
8435,其他
8436,生技醫療
8437,其他
8438,其他
8440,其他
8442,其他
8443,貿易百貨
8444,其他
8446,文化創意業
8450,文化創意業
8454,貿易百貨
8455,其他電子業
8458,文化創意業
8462,觀光事業
8463,其他
8464,其他
8465,農業科技
8466,其他
8467,其他
8472,電子商務
8473,其他
8476,其他
8477,電子商務
8478,其他
8479,文化創意業
8480,其他
8481,其他
8482,其他
8485,貿易百貨
8487,文化創意業
8488,其他
8489,其他
8490,農業科技
8491,文化創意業
8492,文化創意業
8495,其他
8496,農業科技
8497,其他
8499,其他電子業
8701,
8702,
233037,
8705,其他
8706,
8707,
8708,
8709,
8710,
170606,
8712,
8713,
8714,
8716,
143285,
8718,
8719,
8720,
8721,
8722,
8723,
8724,
8725,
8905,其他
8906,其他
8907,
8908,油電燃氣業
990750,
8913,其他
8916,其他
8917,油電燃氣業
8921,其他
8923,文化創意業
8924,其他
8925,其他
8926,油電燃氣業
8927,油電燃氣業
8928,其他
8929,其他
8930,鋼鐵工業
8931,油電燃氣業
8932,其他
8933,其他
8934,其他
8935,其他
8936,其他
8937,其他
8938,其他
8940,觀光事業
8941,貿易百貨
8942,其他
8945,其他
8977,其他
8996,電機機械
910069,存託憑證
9101,存託憑證
9102,存託憑證
9103,生技醫療
910322,存託憑證
9104,存託憑證
910482,存託憑證
9105,存託憑證
910579,存託憑證
9106,存託憑證
910708,存託憑證
910801,存託憑證
910861,存託憑證
910948,存託憑證
9110,存託憑證
911201,存託憑證
911602,存託憑證
911606,存託憑證
911608,存託憑證
911609,存託憑證
911610,存託憑證
911611,存託憑證
911612,存託憑證
911613,存託憑證
911616,存託憑證
911619,存託憑證
911622,存託憑證
911626,存託憑證
911868,存託憑證
912000,存託憑證
912398,存託憑證
9136,存託憑證
913889,存託憑證
9151,存託憑證
9157,存託憑證
916665,存託憑證
9188,存託憑證
9801,
9802,其他
9902,其他
992026,
9904,其他
9905,其他
9906,建材營造
9907,其他
9908,油電燃氣業
9910,其他
9911,其他
9912,電腦及週邊
9914,其他
9915,其他
9917,其他
9918,油電燃氣業
9919,其他
9921,其他
9922,其他
9924,其他
9925,其他
9926,油電燃氣業
9927,其他
9928,其他
9929,其他
9930,其他
9931,油電燃氣業
9933,其他
9934,其他
9935,其他
9936,
9937,油電燃氣業
9938,其他
9939,其他
9940,其他
9941,其他
9942,其他
9943,觀光事業
9944,其他
9945,其他
9946,建材營造
9947,
9948,
9949,文化創意業
9950,塑膠工業
9951,電機機械
9952,
9953,其他
9955,其他
9956,
9957,鋼鐵工業
9958,鋼鐵工業
9959,
9960,貿易百貨
9961,貿易百貨
9962,鋼鐵工業
9965,航運業
L2301,
232414,
233512,
